{
  "BayesianRidge": {
    "best_params": {
      "alpha_1": 7.099198566378588e-07,
      "alpha_2": 0.0009020379214023205,
      "lambda_1": 0.00010228071274170076,
      "lambda_2": 1.3259621781975266e-07,
      "spread_alpha": 0.5956659783691262,
      "lookback": 1037,
      "decay_halflife": 566,
      "kelly_fraction": 0.08233384252956169,
      "max_bet_frac": 0.19394539441498346,
      "min_p_sel": 0.7710242581954616,
      "min_edge": 0.1387514871024312
    },
    "best_roi": 0.6145564388489757
  }
}